<?xml version="1.0" encoding="UTF-8"?>
<beans xmlns="http://www.springframework.org/schema/beans"
	xmlns:xsi="http://www.w3.org/2001/XMLSchema-instance"
	xmlns:aop="http://www.springframework.org/schema/aop"
	xmlns:context="http://www.springframework.org/schema/context"
	xsi:schemaLocation="http://www.springframework.org/schema/beans http://www.springframework.org/schema/beans/spring-beans-4.0.xsd
		http://www.springframework.org/schema/context http://www.springframework.org/schema/context/spring-context-4.3.xsd
		http://www.springframework.org/schema/aop http://www.springframework.org/schema/aop/spring-aop-4.3.xsd">

	<aop:aspectj-autoproxy proxy-target-class="true"></aop:aspectj-autoproxy>
	<bean class="com.ssafy.hw.UserAspect" id="userAspect"></bean>
	<bean class="com.ssafy.hw.GeneralUser" id="generalUser"></bean>
	<bean class="com.ssafy.hw.AdminUser" id="adminUser"></bean>

	<!-- AspectJ AOP 설정 -->
	<aop:config>
		<!-- 포인트컷 설정 -->
		<aop:pointcut expression="execution(* com.ssafy.hw.*.useApp())" id="mypt"/>

		<!-- Aspect 설정 -->
		<aop:aspect ref="userAspect">
			<!-- 각 어드바이스 매핑 -->
			<aop:before method="before" pointcut-ref="mypt"/>
			<aop:after-returning method="afterReturn" pointcut-ref="mypt"/>
			<aop:after-throwing method="afterThrow" pointcut-ref="mypt"/>
			<aop:after method="after" pointcut-ref="mypt"/>
		</aop:aspect>
	</aop:config>
	
</beans>
