<?xml version="1.0" encoding="UTF-8"?>
<beans xmlns="http://www.springframework.org/schema/beans"
	xmlns:xsi="http://www.w3.org/2001/XMLSchema-instance"
	xmlns:aop="http://www.springframework.org/schema/aop"
	xsi:schemaLocation="http://www.springframework.org/schema/beans http://www.springframework.org/schema/beans/spring-beans.xsd
		http://www.springframework.org/schema/aop http://www.springframework.org/schema/aop/spring-aop-4.3.xsd">

	<aop:aspectj-autoproxy proxy-target-class="true"></aop:aspectj-autoproxy>
		<bean class="com.ssafy.ws.MovieAspect" id="movieAspect"></bean>
		<bean class="com.ssafy.ws.Audience" id="audience"></bean>

		<!-- AspectJ AOP 설정 -->
	<aop:config>
		<!-- 포인트컷 설정 -->
		<aop:pointcut expression="execution(* com.ssafy.ws.*.doSomething())" id="mypt"/>

		<!-- Aspect 설정 -->
		<aop:aspect ref="movieAspect">
			<!-- 각 어드바이스 매핑 -->
			<aop:before method="before" pointcut-ref="mypt"/>
			<aop:after-returning method="afterReturn" pointcut-ref="mypt"/>
			<aop:after-throwing method="afterThrow" pointcut-ref="mypt"/>
			<aop:after method="after" pointcut-ref="mypt"/>
		</aop:aspect>
	</aop:config>
</beans>
