<?xml version="1.0" encoding="UTF-8"?>
<beans xmlns="http://www.springframework.org/schema/beans"
	xmlns:xsi="http://www.w3.org/2001/XMLSchema-instance"
	xmlns:aop="http://www.springframework.org/schema/aop"
	xmlns:context="http://www.springframework.org/schema/context"
	xsi:schemaLocation="
		http://www.springframework.org/schema/beans https://www.springframework.org/schema/beans/spring-beans.xsd
		http://www.springframework.org/schema/aop https://www.springframework.org/schema/aop/spring-aop.xsd
		http://www.springframework.org/schema/context https://www.springframework.org/schema/context/spring-context.xsd">

		<!-- Web과 관련된 설정 -->
		
		<!-- 핸들러매핑은 기본으로 사용하는게 있어서 내가 굳이 등록하지 않았도 OK -->
		
		<!-- 뷰리졸버는 내가 직접 등록을 해주어야 해 -->
		<bean class="org.springframework.web.servlet.view.InternalResourceViewResolver">
			<property name="prefix" value="/WEB-INF/view/"></property>
			<property name="suffix" value=".jsp"></property>
		</bean>
		
		<context:component-scan base-package="com.ssafy.mvc.controller"></context:component-scan>
		
		
		



</beans>